name,energy,ham_time,quaq_time,manipulation_time,vqe_time,total_time
spin_cuda_2x4_isotropic,0.061025605184223355,0.0006098270416259766,0.0002980232238769531,0.00020966529846191406,0.04733443260192871,0.04845194816589356
N2_cuda_sto-3g_R-HF,-89.68460127416624,0.017225122451782225,0.0004230499267578125,0.00025548934936523435,0.23225846290588378,0.25016212463378906
NH3_cuda_sto-3g_R-HF_is_frozen,-16.18335993683035,0.009884357452392578,0.00018115043640136718,0.00009737014770507812,0.015994167327880858,0.026157045364379884
