name,energy,ham_time,quaq_time,manipulation_time,vqe_time,total_time
spin_cuda_2x4_isotropic,-0.045975765646336694,0.0016773700714111327,0.0003289222717285156,0.0003154754638671875,0.051144886016845706,0.05346665382385254
N2_cuda_sto-3g_R-HF,-89.56468498765778,0.5024584770202637,0.0004435539245605469,0.0002591133117675781,2.0628207683563233,2.565981912612915
NH3_cuda_sto-3g_R-HF_is_frozen,-15.944829635328901,0.18298864364624023,0.00021080970764160157,0.00008025169372558594,0.5761674404144287,0.7594471454620362
