name,energy,ham_time,quaq_time,manipulation_time,vqe_time,total_time
spin_cuda_2x4_isotropic,-0.019680693255221725,0.0006190776824951172,0.00028839111328125,0.00021901130676269532,0.02529487609863281,0.026421356201171874
N2_cuda_sto-3g_R-HF,-89.28403253232281,0.018480587005615234,0.00045166015625,0.0002770423889160156,0.26108713150024415,0.28029642105102537
NH3_cuda_sto-3g_R-HF_is_frozen,-15.888341152427293,0.009470081329345703,0.00018210411071777343,0.00009655952453613281,0.0162076473236084,0.025956392288208008
