name,energy,ham_time,quaq_time,manipulation_time,vqe_time,total_time
spin_cuda_2x4_isotropic,-0.03834400820719971,0.0009743213653564453,0.0003544807434082031,0.000164794921875,0.08403453826904297,0.08552813529968262
N2_cuda_sto-3g_R-HF,-89.24179210237318,0.2697769641876221,0.0003483295440673828,0.00020875930786132813,1.954354953765869,2.22468900680542
NH3_cuda_sto-3g_R-HF_is_frozen,-16.008024920425502,0.11696577072143555,0.00018324851989746094,0.00008406639099121094,0.6260370254516602,0.7432701110839843
