name,energy,ham_time,quaq_time,manipulation_time,vqe_time,total_time
spin_cuda_2x4_isotropic,0.043725840137236106,0.0008943080902099609,0.0003333568572998047,0.00016179084777832032,0.06210417747497558,0.06349363327026367
N2_cuda_sto-3g_R-HF,-90.25706995501017,0.27027740478515627,0.00033650398254394533,0.00021295547485351564,2.0497976303100587,2.320624494552612
NH3_cuda_sto-3g_R-HF_is_frozen,-15.735546479319192,0.11756300926208496,0.000185394287109375,0.00008592605590820312,0.6653162479400635,0.783150577545166
