name,energy,ham_time,quaq_time,manipulation_time,vqe_time,total_time
spin_cuda_2x4_isotropic,0.031605939270756986,0.0003113746643066406,0.00021409988403320312,0.00016164779663085938,0.04689698219299317,0.04758410453796387
N2_cuda_sto-3g_R-HF,-90.16549066728513,0.012566471099853515,0.00020537376403808593,0.00020060539245605468,0.02354278564453125,0.036515235900878906
NH3_cuda_sto-3g_R-HF_is_frozen,-15.909688238990332,0.00689387321472168,0.0001190185546875,0.00007801055908203125,0.006959772109985352,0.014050674438476563
