name,energy,ham_time,quaq_time,manipulation_time,vqe_time,total_time
spin_cuda_2x4_isotropic,0.017321716592199197,0.005231082439422607,0.002412738800048828,0.0002664303779602051,0.02327324151992798,0.03118349313735962
N2_cuda_sto-3g_R-HF,-89.66677187148727,1.0141990327835082,0.0007365465164184571,0.00033461570739746094,3.6516591835021974,4.666929378509521
NH3_cuda_sto-3g_R-HF_is_frozen,-15.86667356286745,0.4333838963508606,0.0004612469673156738,0.0001559615135192871,1.2610411834716797,1.6950422883033753
