name,energy,ham_time,quaq_time,manipulation_time,vqe_time,total_time
spin_cuda_2x4_isotropic,-0.0011007627213804384,0.0003696942329406738,0.00020193815231323242,0.0002351236343383789,0.003688051700592041,0.004494807720184326
N2_cuda_sto-3g_R-HF,-89.9455819352533,0.019784481525421144,0.0002621293067932129,0.0003018546104431152,0.038005437850952145,0.05835390329360962
NH3_cuda_sto-3g_R-HF_is_frozen,-15.881985103564912,0.011395370960235596,0.0001432061195373535,0.00011789321899414063,0.009695353507995606,0.021351823806762694
